AOI,Oscuro_Total,Oscuro_Mean,Oscuro_Std,Claro_Total,Claro_Mean,Claro_Std,t_statistic,p_value,Significant,Difference_%
2,2.0,0.058823529411764705,0.23883257361061289,287.0,8.441176470588236,9.991484788105558,-4.890478244256895,6.763023027195911e-06,Yes,-99.30313588850174
3,252.0,7.411764705882353,9.218287644377027,0.0,0.0,0.0,4.688250695049003,1.4274829530694483e-05,Yes,0.0
agronomicos,0.0,0.0,0.0,25.0,0.7352941176470589,0.9632276400887883,-4.451143686208498,3.3680699267719245e-05,Yes,-100.0
domesticada,0.0,0.0,0.0,22.0,0.6470588235294118,0.8486121625899217,-4.446046191018855,3.4300498967279326e-05,Yes,-100.0
articulos,21.0,0.6176470588235294,0.817042185118868,0.0,0.0,0.0,4.40793676702106,3.9298304614449024e-05,Yes,0.0
consumo,0.0,0.0,0.0,17.0,0.5,0.6628679652796169,-4.398275524135214,4.0673571482247465e-05,Yes,-100.0
tuberosum,0.0,0.0,0.0,31.0,0.9117647058823529,1.215247750244432,-4.3747920029874034,4.4213974407726285e-05,Yes,-100.0
Almacenamiento,19.0,0.5588235294117647,0.7859052479933758,0.0,0.0,0.0,4.1461399144838555,9.853917648106743e-05,Yes,0.0
habitantes,0.0,0.0,0.0,16.0,0.47058823529411764,0.662195344137054,-4.143758162262498,9.935421007666425e-05,Yes,-100.0
comprende,0.0,0.0,0.0,30.0,0.8823529411764706,1.249598866117927,-4.117287310174084,0.0001088619358637215,Yes,-100.0
GuineaEcuatorial,0.0,0.0,0.0,33.0,0.9705882352941176,1.3813759964230452,-4.096968040821226,0.0001167497503238312,Yes,-100.0
Espalda,21.0,0.6176470588235294,0.8881272732418117,0.0,0.0,0.0,4.0551285795409955,0.00013476359971490259,Yes,0.0
compartimento3,21.0,0.6176470588235294,0.8881272732418117,0.0,0.0,0.0,4.0551285795409955,0.00013476359971490259,Yes,0.0
bolsillo,13.0,0.38235294117647056,0.5512908203729234,0.0,0.0,0.0,4.044111609448658,0.00013993540446704698,Yes,0.0
Titiaca,0.0,0.0,0.0,29.0,0.8529411764705882,1.2341689128826112,-4.029804119370012,0.00014693784335776888,Yes,-100.0
cremalleras,24.0,0.7058823529411765,1.0307223640730592,0.0,0.0,0.0,3.993282950760217,0.00016637554537024394,Yes,0.0
anchas,11.0,0.3235294117647059,0.47485807993381707,0.0,0.0,0.0,3.9727331518303837,0.00017837675160994917,Yes,0.0
compartimento,22.0,0.6470588235294118,0.9497161598676341,0.0,0.0,0.0,3.9727331518303837,0.00017837675160994917,Yes,0.0
creciendo,0.0,0.0,0.0,22.0,0.6470588235294118,0.9497161598676341,-3.9727331518303837,0.00017837675160994917,Yes,-100.0
gastronomico,0.0,0.0,0.0,25.0,0.7352941176470589,1.081772494129546,-3.963369980129374,0.00018411697288865653,Yes,-100.0
mayor,15.0,0.4411764705882353,0.6601733689004333,0.0,0.0,0.0,3.8966715386024777,0.00023045770644261872,Yes,0.0
construida,15.0,0.4411764705882353,0.6601733689004333,0.0,0.0,0.0,3.8966715386024777,0.00023045770644261872,Yes,0.0
compartimento2,16.0,0.47058823529411764,0.7064762801416987,0.0,0.0,0.0,3.8840332498208983,0.00024041831421106063,Yes,0.0
compartimento1,29.0,0.8529411764705882,1.2823357698894498,0.0,0.0,0.0,3.878437368678812,0.0002449593421513463,Yes,0.0
solanaceas,0.0,0.0,0.0,28.0,0.8235294117647058,1.24244598041937,-3.864924881779902,0.00025626635328759883,Yes,-100.0
consideraban,0.0,0.0,0.0,28.0,0.8235294117647058,1.24244598041937,-3.864924881779902,0.00025626635328759883,Yes,-100.0
pertenenciente,0.0,0.0,0.0,25.0,0.7352941176470589,1.1094312910952706,-3.864560755565116,0.00025657786765291086,Yes,-100.0
personales,19.0,0.5588235294117647,0.859569182809418,0.0,0.0,0.0,3.790821242634207,0.00032773086790093166,Yes,0.0
parte,0.0,0.0,0.0,12.0,0.35294117647058826,0.5439670746038949,-3.7832860071699836,0.00033598337212689656,Yes,-100.0
paneles,12.0,0.35294117647058826,0.5439670746038949,0.0,0.0,0.0,3.7832860071699836,0.00033598337212689656,Yes,0.0
tuberculos,0.0,0.0,0.0,12.0,0.35294117647058826,0.5439670746038949,-3.7832860071699845,0.00033598337212689656,Yes,-100.0
Hispanoamerica,0.0,0.0,0.0,24.0,0.7058823529411765,1.0879341492077899,-3.7832860071699845,0.00033598337212689656,Yes,-100.0
herbacea,0.0,0.0,0.0,21.0,0.6176470588235294,0.9539298583690821,-3.775403669773016,0.00034482864172603666,Yes,-100.0
multifuncionales,25.0,0.7352941176470589,1.136417111041267,0.0,0.0,0.0,3.772791334190874,0.00034780894225753525,Yes,0.0
eruopa,0.0,0.0,0.0,18.0,0.5294117647058824,0.8251829592405759,-3.740957684591709,0.00038616405015302744,Yes,-100.0
transporte,18.0,0.5294117647058824,0.8251829592405759,0.0,0.0,0.0,3.740957684591709,0.00038616405015302744,Yes,0.0
españoles,0.0,0.0,0.0,22.0,0.6470588235294118,1.011520096451794,-3.7299989257455177,0.0004002792995013891,Yes,-100.0
Filipinas,0.0,0.0,0.0,20.0,0.5882352941176471,0.9249945801257605,-3.7080992435478315,0.0004299773199877864,Yes,-100.0
permite,17.0,0.5,0.7881701093115123,0.0,0.0,0.0,3.6990440426234845,0.0004428619966700192,Yes,0.0
fabricada,13.0,0.38235294117647056,0.603761235285532,0.0,0.0,0.0,3.6926544411190023,0.00045217468022288796,Yes,0.0
centrales1,0.0,0.0,0.0,13.0,0.38235294117647056,0.603761235285532,-3.692654441119002,0.00045217468022288893,Yes,-100.0
altiplano,0.0,0.0,0.0,24.0,0.7058823529411765,1.1154401703446664,-3.6899926619537076,0.0004561090465577692,Yes,-100.0
hebilla,16.0,0.47058823529411764,0.7481408924854412,0.0,0.0,0.0,3.66772808416369,0.0004903219873985031,Yes,0.0
Además1,14.0,0.4117647058823529,0.6567895774291853,0.0,0.0,0.0,3.6556307750696546,0.0005099237829998411,Yes,0.0
originaria,0.0,0.0,0.0,21.0,0.6176470588235294,0.985184366143778,-3.6556307750696546,0.0005099237829998411,Yes,-100.0
40x20x251,14.0,0.4117647058823529,0.6567895774291853,0.0,0.0,0.0,3.655630775069654,0.0005099237829998424,Yes,0.0
Nuestra1,14.0,0.4117647058823529,0.6567895774291853,0.0,0.0,0.0,3.655630775069654,0.0005099237829998424,Yes,0.0
acolchado1,14.0,0.4117647058823529,0.6567895774291853,0.0,0.0,0.0,3.655630775069654,0.0005099237829998424,Yes,0.0
Solanum1,0.0,0.0,0.0,30.0,0.8823529411764706,1.4091627835156706,-3.651073967082278,0.0005174992932730056,Yes,-100.0
equipaje,15.0,0.4411764705882353,0.7045813917578353,0.0,0.0,0.0,3.6510739670822776,0.0005174992932730056,Yes,0.0
antirrobo,15.0,0.4411764705882353,0.7045813917578353,0.0,0.0,0.0,3.651073967082278,0.0005174992932730056,Yes,0.0
siglo,0.0,0.0,0.0,15.0,0.4411764705882353,0.7045813917578353,-3.6510739670822776,0.0005174992932730056,Yes,-100.0
superior1,19.0,0.5588235294117647,0.8941282014575489,0.0,0.0,0.0,3.6443019159846646,0.0005289560156923474,Yes,0.0
cercanias,0.0,0.0,0.0,19.0,0.5588235294117647,0.8941282014575489,-3.6443019159846646,0.0005289560156923474,Yes,-100.0
proporcionan,23.0,0.6764705882352942,1.0932461597350347,0.0,0.0,0.0,3.60803230192339,0.0005945452430747878,Yes,0.0
expandio,0.0,0.0,0.0,18.0,0.5294117647058824,0.8611230904040923,-3.584823780670612,0.0006405018126449289,Yes,-100.0
compresión,18.0,0.5294117647058824,0.8611230904040923,0.0,0.0,0.0,3.584823780670612,0.0006405018126449289,Yes,0.0
Opciones_Disponibles,21.0,0.6176470588235294,1.01547737340631,0.0,0.0,0.0,3.546578567193418,0.0007236857656185667,Yes,0.0
conveniencia,17.0,0.5,0.8257228238447705,0.0,0.0,0.0,3.530816713830763,0.0007608719532012898,Yes,0.0
España,0.0,0.0,0.0,17.0,0.5,0.8257228238447705,-3.530816713830763,0.0007608719532012898,Yes,-100.0
Dedicado1,11.0,0.3235294117647059,0.5348796656113336,0.0,0.0,0.0,3.526932425840988,0.0007703107960591696,Yes,0.0
Caracteristicas,11.0,0.3235294117647059,0.5348796656113336,0.0,0.0,0.0,3.526932425840988,0.0007703107960591696,Yes,0.0
bolsillos,11.0,0.3235294117647059,0.5348796656113336,0.0,0.0,0.0,3.526932425840988,0.0007703107960591696,Yes,0.0
principio,0.0,0.0,0.0,11.0,0.3235294117647059,0.5348796656113336,-3.5269324258409886,0.0007703107960591698,Yes,-100.0
transpirables,19.0,0.5588235294117647,0.9274002918091907,0.0,0.0,0.0,3.5135562782183034,0.0008036726061702885,Yes,0.0
altiplano1,0.0,0.0,0.0,19.0,0.5588235294117647,0.9274002918091906,-3.5135562782183034,0.0008036726061702885,Yes,-100.0
perfectamente,31.0,0.9117647058823529,1.5248973548927816,0.0,0.0,0.0,3.486435413084958,0.0008755698027055048,Yes,0.0
Ryanair1,16.0,0.47058823529411764,0.7876045045674721,0.0,0.0,0.0,3.4839533628455417,0.0008824459348530403,Yes,0.0
andino,0.0,0.0,0.0,20.0,0.5882352941176471,0.9883456351267775,-3.4704172112928955,0.0009208556148216301,Yes,-100.0
Solanum,0.0,0.0,0.0,20.0,0.5882352941176471,0.9883456351267775,-3.4704172112928955,0.0009208556148216301,Yes,-100.0
mochila2,12.0,0.35294117647058826,0.5970814340265321,0.0,0.0,0.0,3.446737587922818,0.0009918854763369225,Yes,0.0
francés,0.0,0.0,0.0,12.0,0.35294117647058826,0.5970814340265321,-3.4467375879228177,0.0009918854763369244,Yes,-100.0
viajes,12.0,0.35294117647058826,0.5970814340265321,0.0,0.0,0.0,3.4467375879228177,0.0009918854763369244,Yes,0.0
trasladada,0.0,0.0,0.0,21.0,0.6176470588235294,1.0448925095464312,-3.4467375879228177,0.0009918854763369244,Yes,-100.0
alimentacion,0.0,0.0,0.0,24.0,0.7058823529411765,1.1941628680530643,-3.4467375879228173,0.0009918854763369246,Yes,-100.0
Mochila,9.0,0.2647058823529412,0.4478110755198991,0.0,0.0,0.0,3.446737587922817,0.0009918854763369268,Yes,0.0
elementos,15.0,0.4411764705882353,0.7463517925331651,0.0,0.0,0.0,3.446737587922817,0.0009918854763369268,Yes,0.0
diferentes,9.0,0.2647058823529412,0.4478110755198991,0.0,0.0,0.0,3.446737587922817,0.0009918854763369268,Yes,0.0
papa2,0.0,0.0,0.0,14.0,0.4117647058823529,0.7014118687516405,-3.42306752845278,0.0010680499600756968,Yes,-100.0
hombros,14.0,0.4117647058823529,0.7014118687516405,0.0,0.0,0.0,3.42306752845278,0.0010680499600756968,Yes,0.0
principal1,14.0,0.4117647058823529,0.7014118687516405,0.0,0.0,0.0,3.42306752845278,0.0010680499600756968,Yes,0.0
genero,0.0,0.0,0.0,14.0,0.4117647058823529,0.7014118687516405,-3.42306752845278,0.0010680499600756968,Yes,-100.0
aerolíneas,14.0,0.4117647058823529,0.7014118687516405,0.0,0.0,0.0,3.42306752845278,0.0010680499600756968,Yes,0.0
diseñada1,13.0,0.38235294117647056,0.6520227678843524,0.0,0.0,0.0,3.419330913990494,0.0010805678477453973,Yes,0.0
pasaporte,13.0,0.38235294117647056,0.6520227678843525,0.0,0.0,0.0,3.419330913990494,0.0010805678477453973,Yes,0.0
separar,13.0,0.38235294117647056,0.6520227678843524,0.0,0.0,0.0,3.419330913990494,0.0010805678477453973,Yes,0.0
Imagen,0.0,0.0,0.0,55.0,1.6176470588235294,2.763558376796261,-3.4131438156094998,0.0011016006363580794,Yes,-100.0
articulos1,19.0,0.5588235294117647,0.9595193389681276,0.0,0.0,0.0,3.395943140877023,0.0011621264896545414,Yes,0.0
BritishAirways,21.0,0.6176470588235294,1.0735019408982451,0.0,0.0,0.0,3.354880089903872,0.0013195710942697828,Yes,0.0
principal,16.0,0.47058823529411764,0.8251829592405758,0.0,0.0,0.0,3.325295719637075,0.0014452557585289412,Yes,0.0
amplio1,16.0,0.47058823529411764,0.8251829592405758,0.0,0.0,0.0,3.325295719637075,0.0014452557585289412,Yes,0.0
familia,0.0,0.0,0.0,19.0,0.5588235294117647,0.9905975078001626,-3.2894016914536928,0.0016129016865478341,Yes,-100.0
Durabilidad,19.0,0.5588235294117647,0.9905975078001626,0.0,0.0,0.0,3.2894016914536928,0.0016129016865478341,Yes,0.0
comenzó,0.0,0.0,0.0,22.0,0.6470588235294118,1.1516089651249464,-3.2762586844969883,0.0016787427931211078,Yes,-100.0
mucho1,10.0,0.29411764705882354,0.5239368319955838,0.0,0.0,0.0,3.273268353539886,0.0016940722415513542,Yes,0.0
bolsillo1,10.0,0.29411764705882354,0.5239368319955838,0.0,0.0,0.0,3.2732683535398857,0.0016940722415513545,Yes,0.0
aereos,0.0,0.0,0.0,10.0,0.29411764705882354,0.5239368319955838,-3.2732683535398857,0.0016940722415513545,Yes,-100.0
paraguas,15.0,0.4411764705882353,0.7859052479933757,0.0,0.0,0.0,3.2732683535398857,0.0016940722415513545,Yes,0.0
mucho,15.0,0.4411764705882353,0.7859052479933757,0.0,0.0,0.0,3.2732683535398857,0.0016940722415513545,Yes,0.0
Andes,0.0,0.0,0.0,10.0,0.29411764705882354,0.5239368319955838,-3.2732683535398857,0.0016940722415513545,Yes,-100.0
mojados,14.0,0.4117647058823529,0.7433603905453459,0.0,0.0,0.0,3.2299006276534463,0.0019317236704651133,Yes,0.0
escritos,0.0,0.0,0.0,14.0,0.4117647058823529,0.7433603905453459,-3.2299006276534463,0.0019317236704651133,Yes,-100.0
nombre,0.0,0.0,0.0,14.0,0.4117647058823529,0.7433603905453459,-3.2299006276534463,0.0019317236704651133,Yes,-100.0
resistente,23.0,0.6764705882352942,1.2240169397543907,0.0,0.0,0.0,3.2225595334237727,0.0019749280016623885,Yes,0.0
TiraDeMochilas,81.0,2.3823529411764706,4.3346014872737655,0.0,0.0,0.0,3.204766444465039,0.002083438227599998,Yes,0.0
siglo1,0.0,0.0,0.0,11.0,0.3235294117647059,0.5888143317638868,-3.203869768108962,0.0020890519333858575,Yes,-100.0
resistente1,11.0,0.3235294117647059,0.5888143317638868,0.0,0.0,0.0,3.203869768108962,0.0020890519333858575,Yes,0.0
cabina2,11.0,0.3235294117647059,0.5888143317638868,0.0,0.0,0.0,3.203869768108962,0.0020890519333858575,Yes,0.0
trasero,11.0,0.3235294117647059,0.5888143317638868,0.0,0.0,0.0,3.203869768108962,0.0020890519333858575,Yes,0.0
Qantas,11.0,0.3235294117647059,0.5888143317638868,0.0,0.0,0.0,3.203869768108962,0.0020890519333858575,Yes,0.0
los3,0.0,0.0,0.0,11.0,0.3235294117647059,0.5888143317638868,-3.203869768108962,0.0020890519333858575,Yes,-100.0
acolchado,11.0,0.3235294117647059,0.5888143317638868,0.0,0.0,0.0,3.203869768108962,0.0020890519333858575,Yes,0.0
region,0.0,0.0,0.0,11.0,0.3235294117647059,0.5888143317638868,-3.203869768108962,0.0020890519333858575,Yes,-100.0
hombros2,11.0,0.3235294117647059,0.5888143317638869,0.0,0.0,0.0,3.2038697681089614,0.0020890519333858623,Yes,0.0
compartimento4,22.0,0.6470588235294118,1.1776286635277737,0.0,0.0,0.0,3.2038697681089614,0.0020890519333858623,Yes,0.0
lago,0.0,0.0,0.0,11.0,0.3235294117647059,0.5888143317638869,-3.2038697681089614,0.0020890519333858623,Yes,-100.0
malla,11.0,0.3235294117647059,0.5888143317638869,0.0,0.0,0.0,3.2038697681089614,0.0020890519333858623,Yes,0.0
Ryanair,13.0,0.38235294117647056,0.6969503213613096,0.0,0.0,0.0,3.198910364942378,0.0021203577367244087,Yes,0.0
tuberosa,0.0,0.0,0.0,13.0,0.38235294117647056,0.6969503213613096,-3.198910364942378,0.0021203577367244087,Yes,-100.0
tiempo,13.0,0.38235294117647056,0.6969503213613096,0.0,0.0,0.0,3.198910364942378,0.0021203577367244087,Yes,0.0
lateral,13.0,0.38235294117647056,0.6969503213613096,0.0,0.0,0.0,3.198910364942378,0.0021203577367244087,Yes,0.0
patata,0.0,0.0,0.0,13.0,0.38235294117647056,0.6969503213613096,-3.198910364942378,0.0021203577367244087,Yes,-100.0
capacidad,20.0,0.5882352941176471,1.0764038630051154,0.0,0.0,0.0,3.1865100272627664,0.0022005697690624993,Yes,0.0
conquistadores,0.0,0.0,0.0,24.0,0.7058823529411765,1.2916846356061382,-3.186510027262767,0.0022005697690624993,Yes,-100.0
poliester,12.0,0.35294117647058826,0.6458423178030691,0.0,0.0,0.0,3.186510027262767,0.0022005697690624993,Yes,0.0
ajusta,8.0,0.23529411764705882,0.4305615452020461,0.0,0.0,0.0,3.186510027262766,0.0022005697690625037,Yes,0.0
planta,0.0,0.0,0.0,12.0,0.35294117647058826,0.6458423178030692,-3.186510027262766,0.0022005697690625037,Yes,-100.0
todo,0.0,0.0,0.0,8.0,0.23529411764705882,0.4305615452020461,-3.186510027262766,0.0022005697690625037,Yes,-100.0
pertenencias1,16.0,0.47058823529411764,0.8611230904040922,0.0,0.0,0.0,3.186510027262766,0.0022005697690625037,Yes,0.0
traves,0.0,0.0,0.0,8.0,0.23529411764705882,0.4305615452020461,-3.186510027262766,0.0022005697690625037,Yes,-100.0
frontal,17.0,0.5,0.9293203772845852,0.0,0.0,0.0,3.1372129770160484,0.002548425685309626,Yes,0.0
MochilaPrincipal,38.0,1.1176470588235294,2.0855157908973014,0.0,0.0,0.0,3.124860652630875,0.002643314625786887,Yes,0.0
humedos,18.0,0.5294117647058824,0.9919461775980272,0.0,0.0,0.0,3.112038336636561,0.0027453006200483404,Yes,0.0
caducifolia,0.0,0.0,0.0,14.0,0.4117647058823529,0.7830649595262131,-3.066131567740966,0.0031413548520248286,Yes,-100.0
desambiguacion,0.0,0.0,0.0,14.0,0.4117647058823529,0.7830649595262131,-3.066131567740966,0.0031413548520248286,Yes,-100.0
brindan,14.0,0.4117647058823529,0.7830649595262131,0.0,0.0,0.0,3.0661315677409653,0.0031413548520248416,Yes,0.0
mientras,14.0,0.4117647058823529,0.7830649595262131,0.0,0.0,0.0,3.0661315677409653,0.0031413548520248416,Yes,0.0
esenciales,16.0,0.47058823529411764,0.8956221510397981,0.0,0.0,0.0,3.063766744820282,0.0031631344890821465,Yes,0.0
regulaciones,21.0,0.6176470588235294,1.1810294913915325,0.0,0.0,0.0,3.049432985580488,0.00329818699323549,Yes,0.0
garantiza1,17.0,0.5,0.9613752775282003,0.0,0.0,0.0,3.0326096536605913,0.0034635424123441536,Yes,0.0
correas,17.0,0.5,0.9613752775282003,0.0,0.0,0.0,3.0326096536605913,0.0034635424123441536,Yes,0.0
Fue,0.0,0.0,0.0,9.0,0.2647058823529412,0.511019392943506,-3.020408398577575,0.0035882604952478894,Yes,-100.0
organizacion,18.0,0.5294117647058824,1.022038785887012,0.0,0.0,0.0,3.020408398577575,0.0035882604952478894,Yes,0.0
Para,0.0,0.0,0.0,9.0,0.2647058823529412,0.511019392943506,-3.020408398577575,0.0035882604952478894,Yes,-100.0
espuma,9.0,0.2647058823529412,0.511019392943506,0.0,0.0,0.0,3.0204083985775747,0.0035882604952478963,Yes,0.0
dentro,9.0,0.2647058823529412,0.511019392943506,0.0,0.0,0.0,3.0204083985775747,0.0035882604952478963,Yes,0.0
Se,9.0,0.2647058823529412,0.511019392943506,0.0,0.0,0.0,3.0204083985775747,0.0035882604952478963,Yes,0.0
planta2,0.0,0.0,0.0,9.0,0.2647058823529412,0.511019392943506,-3.0204083985775747,0.0035882604952478963,Yes,-100.0
Convenientes,9.0,0.2647058823529412,0.511019392943506,0.0,0.0,0.0,3.0204083985775747,0.0035882604952478963,Yes,0.0
Descripcion,0.0,0.0,0.0,13.0,0.38235294117647056,0.7391520892561242,-3.016269099768553,0.003631511804942156,Yes,-100.0
superior,15.0,0.4411764705882353,0.8595691828094179,0.0,0.0,0.0,2.9927536126059535,0.0038865645513318395,Yes,0.0
región,0.0,0.0,0.0,12.0,0.35294117647058826,0.6911717297975237,-2.977527773470979,0.0040604787967007646,Yes,-100.0
separado,12.0,0.35294117647058826,0.6911717297975237,0.0,0.0,0.0,2.977527773470979,0.0040604787967007646,Yes,0.0
Papa,0.0,0.0,0.0,12.0,0.35294117647058826,0.6911717297975237,-2.977527773470979,0.0040604787967007646,Yes,-100.0
ropa,12.0,0.35294117647058826,0.6911717297975237,0.0,0.0,0.0,2.977527773470979,0.0040604787967007646,Yes,0.0
Amplio,12.0,0.35294117647058826,0.6911717297975237,0.0,0.0,0.0,2.977527773470979,0.0040604787967007646,Yes,0.0
principales,12.0,0.35294117647058826,0.6911717297975237,0.0,0.0,0.0,2.977527773470979,0.0040604787967007646,Yes,0.0
gracias,0.0,0.0,0.0,12.0,0.35294117647058826,0.6911717297975237,-2.977527773470979,0.0040604787967007646,Yes,-100.0
para14,12.0,0.35294117647058826,0.6911717297975237,0.0,0.0,0.0,2.977527773470979,0.0040604787967007646,Yes,0.0
telefono,10.0,0.29411764705882354,0.5788919281935353,0.0,0.0,0.0,2.9625319820519835,0.004238802758592067,Yes,0.0
densidad,10.0,0.29411764705882354,0.5788919281935353,0.0,0.0,0.0,2.9625319820519835,0.004238802758592067,Yes,0.0
que,10.0,0.29411764705882354,0.5788919281935353,0.0,0.0,0.0,2.9625319820519835,0.004238802758592067,Yes,0.0
reducción,10.0,0.29411764705882354,0.5788919281935353,0.0,0.0,0.0,2.962531982051983,0.004238802758592076,Yes,0.0
espalda1,10.0,0.29411764705882354,0.5788919281935353,0.0,0.0,0.0,2.962531982051983,0.004238802758592076,Yes,0.0
mundo,0.0,0.0,0.0,10.0,0.29411764705882354,0.5788919281935353,-2.962531982051983,0.004238802758592076,Yes,-100.0
mochila4,11.0,0.3235294117647059,0.6382071590765911,0.0,0.0,0.0,2.955912370674615,0.004319808866498805,Yes,0.0
onjetos,11.0,0.3235294117647059,0.638207159076591,0.0,0.0,0.0,2.955912370674615,0.004319808866498805,Yes,0.0
aire,7.0,0.20588235294117646,0.4104256301219048,0.0,0.0,0.0,2.9249881291307074,0.00471760191139524,Yes,0.0
una3,0.0,0.0,0.0,7.0,0.20588235294117646,0.41042563012190475,-2.9249881291307074,0.00471760191139524,Yes,-100.0
del3,0.0,0.0,0.0,7.0,0.20588235294117646,0.4104256301219048,-2.9249881291307074,0.00471760191139524,Yes,-100.0
que2,7.0,0.20588235294117646,0.4104256301219048,0.0,0.0,0.0,2.9249881291307074,0.00471760191139524,Yes,0.0
días,7.0,0.20588235294117646,0.4104256301219048,0.0,0.0,0.0,2.9249881291307074,0.00471760191139524,Yes,0.0
diseño1,7.0,0.20588235294117646,0.4104256301219048,0.0,0.0,0.0,2.9249881291307074,0.00471760191139524,Yes,0.0
sus3,0.0,0.0,0.0,7.0,0.20588235294117646,0.41042563012190475,-2.9249881291307074,0.00471760191139524,Yes,-100.0
Titulo,0.0,0.0,0.0,24.0,0.7058823529411765,1.4255123855994118,-2.887359019114727,0.005247317537031616,Yes,-100.0
diseño,13.0,0.38235294117647056,0.7790711595597376,0.0,0.0,0.0,2.861717545946023,0.005639202833621479,Yes,0.0
adecuada1,12.0,0.35294117647058826,0.7337059497355612,0.0,0.0,0.0,2.8049152694643333,0.006605300606908974,Yes,0.0
alimentos,0.0,0.0,0.0,12.0,0.35294117647058826,0.7337059497355612,-2.8049152694643333,0.006605300606908974,Yes,-100.0
proteccion,12.0,0.35294117647058826,0.7337059497355612,0.0,0.0,0.0,2.8049152694643333,0.006605300606908974,Yes,0.0
adecuada,14.0,0.4117647058823529,0.8569730754521468,0.0,0.0,0.0,2.8016985139566315,0.006664322622193114,Yes,0.0
comun,0.0,0.0,0.0,14.0,0.4117647058823529,0.8569730754521468,-2.8016985139566306,0.0066643226221931315,Yes,-100.0
comodo,15.0,0.4411764705882353,0.9274002918091905,0.0,0.0,0.0,2.773860219646029,0.007195731291171109,Yes,0.0
resistente3,8.0,0.23529411764705882,0.4959730887990136,0.0,0.0,0.0,2.7662562992324986,0.007347501481897519,Yes,0.0
tamaño,8.0,0.23529411764705882,0.4959730887990136,0.0,0.0,0.0,2.7662562992324986,0.007347501481897519,Yes,0.0
EasyJet,8.0,0.23529411764705882,0.4959730887990136,0.0,0.0,0.0,2.7662562992324986,0.007347501481897519,Yes,0.0
para2,8.0,0.23529411764705882,0.4959730887990136,0.0,0.0,0.0,2.7662562992324986,0.007347501481897519,Yes,0.0
aunque,0.0,0.0,0.0,8.0,0.23529411764705882,0.4959730887990136,-2.7662562992324986,0.007347501481897519,Yes,-100.0
especie,0.0,0.0,0.0,8.0,0.23529411764705882,0.4959730887990136,-2.7662562992324986,0.007347501481897519,Yes,-100.0
cabina3,8.0,0.23529411764705882,0.4959730887990136,0.0,0.0,0.0,2.7662562992324986,0.007347501481897519,Yes,0.0
cabina4,8.0,0.23529411764705882,0.4959730887990136,0.0,0.0,0.0,2.7662562992324986,0.007347501481897519,Yes,0.0
bolsillos1,16.0,0.47058823529411764,0.9919461775980273,0.0,0.0,0.0,2.766256299232498,0.007347501481897519,Yes,0.0
como,8.0,0.23529411764705882,0.49597308879901364,0.0,0.0,0.0,2.766256299232498,0.007347501481897519,Yes,0.0
uso1,0.0,0.0,0.0,8.0,0.23529411764705882,0.4959730887990136,-2.7662562992324986,0.007347501481897519,Yes,-100.0
Cuenta,8.0,0.23529411764705882,0.4959730887990136,0.0,0.0,0.0,2.7662562992324986,0.007347501481897519,Yes,0.0
del1,8.0,0.23529411764705882,0.4959730887990136,0.0,0.0,0.0,2.7662562992324986,0.007347501481897519,Yes,0.0
las2,0.0,0.0,0.0,8.0,0.23529411764705882,0.4959730887990136,-2.7662562992324986,0.007347501481897519,Yes,-100.0
TituloImagen,0.0,0.0,0.0,22.0,0.6470588235294118,1.3680854337396824,-2.7578459503232384,0.007518784538821505,Yes,-100.0
nuestra3,11.0,0.3235294117647059,0.6840427168698412,0.0,0.0,0.0,2.7578459503232384,0.007518784538821505,Yes,0.0
debajo,11.0,0.3235294117647059,0.6840427168698412,0.0,0.0,0.0,2.7578459503232384,0.007518784538821505,Yes,0.0
botanica,0.0,0.0,0.0,11.0,0.3235294117647059,0.6840427168698412,-2.7578459503232384,0.007518784538821505,Yes,-100.0
forrajera,0.0,0.0,0.0,13.0,0.38235294117647056,0.817042185118868,-2.7287227605368463,0.008140578504542906,Yes,-100.0
mochila3,13.0,0.38235294117647056,0.8170421851188681,0.0,0.0,0.0,2.7287227605368463,0.008140578504542906,Yes,0.0
material,13.0,0.38235294117647056,0.817042185118868,0.0,0.0,0.0,2.7287227605368463,0.008140578504542906,Yes,0.0
curiosidad,0.0,0.0,0.0,13.0,0.38235294117647056,0.817042185118868,-2.7287227605368463,0.008140578504542906,Yes,-100.0
duración,10.0,0.29411764705882354,0.6290643251160328,0.0,0.0,0.0,2.7262487840313536,0.008195511264439072,Yes,0.0
herbacea2,0.0,0.0,0.0,10.0,0.29411764705882354,0.6290643251160328,-2.726248784031353,0.008195511264439079,Yes,-100.0
comodidad,9.0,0.2647058823529412,0.5672273623252055,0.0,0.0,0.0,2.721108622044329,0.008310730915591417,Yes,0.0
alivian,9.0,0.2647058823529412,0.5672273623252055,0.0,0.0,0.0,2.721108622044329,0.008310730915591417,Yes,0.0
cuenta3,9.0,0.2647058823529412,0.5672273623252055,0.0,0.0,0.0,2.721108622044329,0.008310730915591417,Yes,0.0
Nuestra4,9.0,0.2647058823529412,0.5672273623252055,0.0,0.0,0.0,2.721108622044329,0.008310730915591417,Yes,0.0
XVIII,0.0,0.0,0.0,9.0,0.2647058823529412,0.5672273623252055,-2.721108622044329,0.008310730915591417,Yes,-100.0
MenuSubtitulo,0.0,0.0,0.0,14.0,0.4117647058823529,0.8916327229616304,-2.692790574150389,0.00897249446619036,Yes,-100.0
estabilidad,19.0,0.5588235294117647,1.2108393400069135,0.0,0.0,0.0,2.6910862655726593,0.009013818107691958,Yes,0.0
mayoria,21.0,0.6176470588235294,1.3487301745638254,0.0,0.0,0.0,2.6702674529821273,0.009532821623267547,Yes,0.0
estres,6.0,0.17647058823529413,0.3869529949759475,0.0,0.0,0.0,2.6592157812837547,0.009819276063066889,Yes,0.0
portatil,6.0,0.17647058823529413,0.3869529949759475,0.0,0.0,0.0,2.6592157812837547,0.009819276063066889,Yes,0.0
fue1,0.0,0.0,0.0,6.0,0.17647058823529413,0.3869529949759475,-2.6592157812837547,0.009819276063066889,Yes,-100.0
flores,0.0,0.0,0.0,6.0,0.17647058823529413,0.3869529949759475,-2.6592157812837547,0.009819276063066889,Yes,-100.0
pertenencias,12.0,0.35294117647058826,0.773905989951895,0.0,0.0,0.0,2.6592157812837547,0.009819276063066889,Yes,0.0
Etihad,6.0,0.17647058823529413,0.3869529949759475,0.0,0.0,0.0,2.6592157812837547,0.009819276063066889,Yes,0.0
con4,6.0,0.17647058823529413,0.3869529949759475,0.0,0.0,0.0,2.6592157812837547,0.009819276063066889,Yes,0.0
durante,6.0,0.17647058823529413,0.3869529949759475,0.0,0.0,0.0,2.6592157812837547,0.009819276063066889,Yes,0.0
con7,6.0,0.17647058823529413,0.3869529949759475,0.0,0.0,0.0,2.6592157812837547,0.009819276063066889,Yes,0.0
lo1,6.0,0.17647058823529413,0.3869529949759475,0.0,0.0,0.0,2.6592157812837547,0.009819276063066889,Yes,0.0
para9,6.0,0.17647058823529413,0.3869529949759475,0.0,0.0,0.0,2.6592157812837547,0.009819276063066889,Yes,0.0
que1,6.0,0.17647058823529413,0.3869529949759475,0.0,0.0,0.0,2.6592157812837547,0.009819276063066889,Yes,0.0
viaje2,6.0,0.17647058823529413,0.3869529949759475,0.0,0.0,0.0,2.6592157812837547,0.009819276063066889,Yes,0.0
Nuestra2,6.0,0.17647058823529413,0.3869529949759475,0.0,0.0,0.0,2.6592157812837547,0.009819276063066889,Yes,0.0
garantizar,16.0,0.47058823529411764,1.0512703460401887,0.0,0.0,0.0,2.6101538701399294,0.011188010287349302,Yes,0.0
seguridad,11.0,0.3235294117647059,0.7269941534212875,0.0,0.0,0.0,2.5949100521505764,0.011647306443734507,Yes,0.0
MenuApariencia,0.0,0.0,0.0,21.0,0.6176470588235294,1.4145286372488712,-2.546056822855998,0.013236818600593099,Yes,-100.0
New_Easyjet,10.0,0.29411764705882354,0.6755205294731985,0.0,0.0,0.0,2.5387620014487378,0.01349031395074101,Yes,0.0
acceso,10.0,0.29411764705882354,0.6755205294731985,0.0,0.0,0.0,2.5387620014487373,0.013490313950741033,Yes,0.0
cuatro,10.0,0.29411764705882354,0.6755205294731985,0.0,0.0,0.0,2.5387620014487373,0.013490313950741033,Yes,0.0
ventilado,10.0,0.29411764705882354,0.6755205294731985,0.0,0.0,0.0,2.5387620014487373,0.013490313950741033,Yes,0.0
suaves,12.0,0.35294117647058826,0.8121185516225344,0.0,0.0,0.0,2.5340918731611968,0.013654896213677608,Yes,0.0
portatiles,15.0,0.4411764705882353,1.0207298776199087,0.0,0.0,0.0,2.5202346218531595,0.014153976738702176,Yes,0.0
Parmentier,0.0,0.0,0.0,13.0,0.38235294117647056,0.8881272732418117,-2.5103176920968067,0.014521187105816366,Yes,-100.0
ColumnaIzquierdaImagenes,7.0,0.20588235294117646,0.4785971776630355,0.0,0.0,0.0,2.5083518082147727,0.014594993494445478,Yes,0.0
un5,7.0,0.20588235294117646,0.4785971776630355,0.0,0.0,0.0,2.508351808214772,0.014594993494445485,Yes,0.0
una1,7.0,0.20588235294117646,0.47859717766303556,0.0,0.0,0.0,2.508351808214772,0.014594993494445485,Yes,0.0
rapido,7.0,0.20588235294117646,0.4785971776630355,0.0,0.0,0.0,2.508351808214772,0.014594993494445485,Yes,0.0
desde,0.0,0.0,0.0,7.0,0.20588235294117646,0.4785971776630355,-2.508351808214772,0.014594993494445485,Yes,-100.0
cuenta2,7.0,0.20588235294117646,0.4785971776630355,0.0,0.0,0.0,2.508351808214772,0.014594993494445485,Yes,0.0
mochila6,7.0,0.20588235294117646,0.4785971776630355,0.0,0.0,0.0,2.508351808214772,0.014594993494445485,Yes,0.0
Además,7.0,0.20588235294117646,0.4785971776630355,0.0,0.0,0.0,2.508351808214772,0.014594993494445485,Yes,0.0
años,0.0,0.0,0.0,7.0,0.20588235294117646,0.47859717766303556,-2.508351808214772,0.014594993494445485,Yes,-100.0
su2,0.0,0.0,0.0,7.0,0.20588235294117646,0.47859717766303556,-2.508351808214772,0.014594993494445485,Yes,-100.0
cómoda12,7.0,0.20588235294117646,0.47859717766303556,0.0,0.0,0.0,2.508351808214772,0.014594993494445485,Yes,0.0
hace2,7.0,0.20588235294117646,0.4785971776630355,0.0,0.0,0.0,2.508351808214772,0.014594993494445485,Yes,0.0
con3,7.0,0.20588235294117646,0.4785971776630355,0.0,0.0,0.0,2.508351808214772,0.014594993494445485,Yes,0.0
por2,0.0,0.0,0.0,7.0,0.20588235294117646,0.4785971776630355,-2.508351808214772,0.014594993494445485,Yes,-100.0
afincado,0.0,0.0,0.0,7.0,0.20588235294117646,0.4785971776630355,-2.508351808214772,0.014594993494445485,Yes,-100.0
larga,9.0,0.2647058823529412,0.6183469424008423,0.0,0.0,0.0,2.4961508830135313,0.01506067232299157,Yes,0.0
espacio,9.0,0.2647058823529412,0.6183469424008423,0.0,0.0,0.0,2.4961508830135313,0.01506067232299157,Yes,0.0
seguridad2,9.0,0.2647058823529412,0.6183469424008423,0.0,0.0,0.0,2.4961508830135313,0.01506067232299157,Yes,0.0
ajustables,9.0,0.2647058823529412,0.6183469424008423,0.0,0.0,0.0,2.4961508830135313,0.01506067232299157,Yes,0.0
botella,9.0,0.2647058823529412,0.6183469424008423,0.0,0.0,0.0,2.4961508830135313,0.01506067232299157,Yes,0.0
todos,9.0,0.2647058823529412,0.6183469424008423,0.0,0.0,0.0,2.4961508830135313,0.01506067232299157,Yes,0.0
versatil,8.0,0.23529411764705882,0.5537105429905546,0.0,0.0,0.0,2.477808484068317,0.01578596604882832,Yes,0.0
Enrique,0.0,0.0,0.0,8.0,0.23529411764705882,0.5537105429905546,-2.477808484068317,0.01578596604882832,Yes,-100.0
ofrece1,8.0,0.23529411764705882,0.5537105429905546,0.0,0.0,0.0,2.477808484068317,0.01578596604882832,Yes,0.0
elección,8.0,0.23529411764705882,0.5537105429905546,0.0,0.0,0.0,2.477808484068317,0.01578596604882832,Yes,0.0
para7,8.0,0.23529411764705882,0.5537105429905546,0.0,0.0,0.0,2.477808484068317,0.01578596604882832,Yes,0.0
de23,8.0,0.23529411764705882,0.5537105429905546,0.0,0.0,0.0,2.477808484068317,0.01578596604882832,Yes,0.0
cómoda,8.0,0.23529411764705882,0.5537105429905546,0.0,0.0,0.0,2.477808484068317,0.01578596604882832,Yes,0.0
véase,0.0,0.0,0.0,8.0,0.23529411764705882,0.5537105429905546,-2.477808484068317,0.01578596604882832,Yes,-100.0
los2,0.0,0.0,0.0,5.0,0.14705882352941177,0.35949062795357095,-2.385299807658105,0.019944451132010103,Yes,-100.0
ligero,5.0,0.14705882352941177,0.3594906279535709,0.0,0.0,0.0,2.385299807658105,0.019944451132010103,Yes,0.0
las4,5.0,0.14705882352941177,0.35949062795357095,0.0,0.0,0.0,2.385299807658105,0.019944451132010103,Yes,0.0
del,10.0,0.29411764705882354,0.7189812559071419,0.0,0.0,0.0,2.385299807658105,0.019944451132010103,Yes,0.0
es2,0.0,0.0,0.0,5.0,0.14705882352941177,0.3594906279535709,-2.385299807658105,0.019944451132010103,Yes,-100.0
el1,5.0,0.14705882352941177,0.35949062795357095,0.0,0.0,0.0,2.385299807658105,0.019944451132010103,Yes,0.0
flujo,5.0,0.14705882352941177,0.3594906279535709,0.0,0.0,0.0,2.385299807658105,0.019944451132010103,Yes,0.0
El2,5.0,0.14705882352941177,0.3594906279535709,0.0,0.0,0.0,2.385299807658105,0.019944451132010103,Yes,0.0
irlandes,0.0,0.0,0.0,5.0,0.14705882352941177,0.35949062795357095,-2.385299807658105,0.019944451132010103,Yes,-100.0
tus,5.0,0.14705882352941177,0.35949062795357095,0.0,0.0,0.0,2.385299807658105,0.019944451132010103,Yes,0.0
para5,5.0,0.14705882352941177,0.35949062795357095,0.0,0.0,0.0,2.385299807658105,0.019944451132010103,Yes,0.0
tu,5.0,0.14705882352941177,0.3594906279535709,0.0,0.0,0.0,2.385299807658105,0.019944451132010103,Yes,0.0
para12,5.0,0.14705882352941177,0.3594906279535709,0.0,0.0,0.0,2.385299807658105,0.019944451132010103,Yes,0.0
uno,0.0,0.0,0.0,5.0,0.14705882352941177,0.35949062795357095,-2.385299807658105,0.019944451132010103,Yes,-100.0
Las2,5.0,0.14705882352941177,0.3594906279535709,0.0,0.0,0.0,2.385299807658105,0.019944451132010103,Yes,0.0
perenne,0.0,0.0,0.0,5.0,0.14705882352941177,0.35949062795357095,-2.385299807658105,0.019944451132010103,Yes,-100.0
cabina5,5.0,0.14705882352941177,0.3594906279535709,0.0,0.0,0.0,2.385299807658105,0.019944451132010103,Yes,0.0
mano2,5.0,0.14705882352941177,0.35949062795357095,0.0,0.0,0.0,2.385299807658105,0.019944451132010103,Yes,0.0
al1,0.0,0.0,0.0,5.0,0.14705882352941177,0.3594906279535709,-2.385299807658105,0.019944451132010103,Yes,-100.0
con5,5.0,0.14705882352941177,0.35949062795357095,0.0,0.0,0.0,2.385299807658105,0.019944451132010103,Yes,0.0
superindice56,0.0,0.0,0.0,5.0,0.14705882352941177,0.3594906279535709,-2.385299807658105,0.019944451132010103,Yes,-100.0
con6,5.0,0.14705882352941177,0.3594906279535709,0.0,0.0,0.0,2.385299807658105,0.019944451132010103,Yes,0.0
no1,0.0,0.0,0.0,5.0,0.14705882352941177,0.35949062795357095,-2.385299807658105,0.019944451132010103,Yes,-100.0
unos,0.0,0.0,0.0,5.0,0.14705882352941177,0.3594906279535709,-2.385299807658105,0.019944451132010103,Yes,-100.0
agua2,5.0,0.14705882352941177,0.35949062795357095,0.0,0.0,0.0,2.385299807658105,0.019944451132010103,Yes,0.0
de26,5.0,0.14705882352941177,0.3594906279535709,0.0,0.0,0.0,2.385299807658105,0.019944451132010103,Yes,0.0
y9,5.0,0.14705882352941177,0.35949062795357095,0.0,0.0,0.0,2.385299807658105,0.019944451132010103,Yes,0.0
infoextra,16.0,0.47058823529411764,1.1608589849278423,0.0,0.0,0.0,2.3637473611411157,0.02104388492869824,Yes,0.0
Contenidos,0.0,0.0,0.0,12.0,0.35294117647058826,0.8835998319950068,-2.329089421693932,0.02292536446759192,Yes,-100.0
ocho,0.0,0.0,0.0,15.0,0.4411764705882353,1.1062132095053536,-2.3254818827266797,0.023129550595862025,Yes,-100.0
MenuArriba,0.0,0.0,0.0,9.0,0.2647058823529412,0.6655516522273318,-2.3191096605607586,0.023494166249755283,Yes,-100.0
perfecta,9.0,0.2647058823529412,0.6655516522273318,0.0,0.0,0.0,2.3191096605607586,0.023494166249755283,Yes,0.0
viaje4,9.0,0.2647058823529412,0.6655516522273318,0.0,0.0,0.0,2.3191096605607586,0.023494166249755283,Yes,0.0
semidecumbente,0.0,0.0,0.0,8.0,0.23529411764705882,0.6059714729465039,-2.264114306353151,0.026858946426791267,Yes,-100.0
España1,0.0,0.0,0.0,8.0,0.23529411764705882,0.6059714729465039,-2.264114306353151,0.026858946426791267,Yes,-100.0
ofrece,8.0,0.23529411764705882,0.6059714729465039,0.0,0.0,0.0,2.264114306353151,0.026858946426791267,Yes,0.0
jardin,0.0,0.0,0.0,8.0,0.23529411764705882,0.6059714729465039,-2.264114306353151,0.026858946426791267,Yes,-100.0
término,0.0,0.0,0.0,8.0,0.23529411764705882,0.6059714729465039,-2.2641143063531506,0.02685894642679129,Yes,-100.0
pensando,19.0,0.5588235294117647,1.4395112064061828,0.0,0.0,0.0,2.2635969092888284,0.026892526829010912,Yes,0.0
humano,0.0,0.0,0.0,6.0,0.17647058823529413,0.45862695181041885,-2.2436350650417163,0.02821672941844407,Yes,-100.0
una2,6.0,0.17647058823529413,0.4586269518104188,0.0,0.0,0.0,2.2436350650417163,0.02821672941844407,Yes,0.0
compañera,6.0,0.17647058823529413,0.4586269518104188,0.0,0.0,0.0,2.2436350650417163,0.02821672941844407,Yes,0.0
agua,6.0,0.17647058823529413,0.45862695181041885,0.0,0.0,0.0,2.2436350650417163,0.02821672941844407,Yes,0.0
tu8,6.0,0.17647058823529413,0.45862695181041885,0.0,0.0,0.0,2.2436350650417163,0.02821672941844407,Yes,0.0
mochila5,6.0,0.17647058823529413,0.45862695181041885,0.0,0.0,0.0,2.2436350650417163,0.02821672941844407,Yes,0.0
mano,6.0,0.17647058823529413,0.45862695181041885,0.0,0.0,0.0,2.2436350650417163,0.02821672941844407,Yes,0.0
convertirse,0.0,0.0,0.0,6.0,0.17647058823529413,0.45862695181041885,-2.2436350650417163,0.02821672941844407,Yes,-100.0
mochila8,6.0,0.17647058823529413,0.45862695181041885,0.0,0.0,0.0,2.2436350650417163,0.02821672941844407,Yes,0.0
Doyle,0.0,0.0,0.0,6.0,0.17647058823529413,0.45862695181041885,-2.2436350650417163,0.02821672941844407,Yes,-100.0
de13,6.0,0.17647058823529413,0.45862695181041885,0.0,0.0,0.0,2.2436350650417163,0.02821672941844407,Yes,0.0
tus2,7.0,0.20588235294117646,0.5382019315025577,0.0,0.0,0.0,2.2305570190839363,0.029115138356092966,Yes,0.0
los,7.0,0.20588235294117646,0.5382019315025577,0.0,0.0,0.0,2.2305570190839363,0.029115138356092966,Yes,0.0
hace,7.0,0.20588235294117646,0.5382019315025577,0.0,0.0,0.0,2.2305570190839363,0.029115138356092966,Yes,0.0
se2,0.0,0.0,0.0,7.0,0.20588235294117646,0.5382019315025577,-2.2305570190839363,0.029115138356092966,Yes,-100.0
diseñada,7.0,0.20588235294117646,0.5382019315025577,0.0,0.0,0.0,2.2305570190839363,0.029115138356092966,Yes,0.0
durar,7.0,0.20588235294117646,0.5382019315025577,0.0,0.0,0.0,2.2305570190839363,0.029115138356092966,Yes,0.0
ticketregalo,13.0,0.38235294117647056,1.01547737340631,0.0,0.0,0.0,2.1955010177864014,0.03164865111257106,Yes,0.0
otros,0.0,0.0,0.0,9.0,0.2647058823529412,0.7096231833787505,-2.1750801022784043,0.03321194488739961,Yes,-100.0
pie_de_foto,0.0,0.0,0.0,22.0,0.6470588235294118,1.73872738102494,-2.169960003109352,0.033614350177854094,Yes,-100.0
Antoine,0.0,0.0,0.0,12.0,0.35294117647058826,0.9497161598676341,-2.1669453555438456,0.03385327078474651,Yes,-100.0
Nuestra,10.0,0.29411764705882354,0.7988405144695231,0.0,0.0,0.0,2.146843857267229,0.03548467082862433,Yes,0.0
multiples,10.0,0.29411764705882354,0.798840514469523,0.0,0.0,0.0,2.146843857267229,0.03548467082862433,Yes,0.0
y3,4.0,0.11764705882352941,0.3270349700838643,0.0,0.0,0.0,2.0976176963403033,0.03977234884624751,Yes,0.0
mochila7,4.0,0.11764705882352941,0.3270349700838643,0.0,0.0,0.0,2.0976176963403033,0.03977234884624751,Yes,0.0
metro,0.0,0.0,0.0,4.0,0.11764705882352941,0.3270349700838643,-2.0976176963403033,0.03977234884624751,Yes,-100.0
para6,4.0,0.11764705882352941,0.3270349700838643,0.0,0.0,0.0,2.0976176963403033,0.03977234884624751,Yes,0.0
la6,4.0,0.11764705882352941,0.3270349700838643,0.0,0.0,0.0,2.0976176963403033,0.03977234884624751,Yes,0.0
las,4.0,0.11764705882352941,0.3270349700838643,0.0,0.0,0.0,2.0976176963403033,0.03977234884624751,Yes,0.0
la5,4.0,0.11764705882352941,0.3270349700838643,0.0,0.0,0.0,2.0976176963403033,0.03977234884624751,Yes,0.0
la4,4.0,0.11764705882352941,0.3270349700838643,0.0,0.0,0.0,2.0976176963403033,0.03977234884624751,Yes,0.0
hasta,0.0,0.0,0.0,4.0,0.11764705882352941,0.3270349700838643,-2.0976176963403033,0.03977234884624751,Yes,-100.0
la2,4.0,0.11764705882352941,0.3270349700838643,0.0,0.0,0.0,2.0976176963403033,0.03977234884624751,Yes,0.0
la1,4.0,0.11764705882352941,0.3270349700838643,0.0,0.0,0.0,2.0976176963403033,0.03977234884624751,Yes,0.0
hay,4.0,0.11764705882352941,0.3270349700838643,0.0,0.0,0.0,2.0976176963403033,0.03977234884624751,Yes,0.0
por3,0.0,0.0,0.0,4.0,0.11764705882352941,0.3270349700838643,-2.0976176963403033,0.03977234884624751,Yes,-100.0
fácil,4.0,0.11764705882352941,0.3270349700838643,0.0,0.0,0.0,2.0976176963403033,0.03977234884624751,Yes,0.0
pierde,0.0,0.0,0.0,4.0,0.11764705882352941,0.3270349700838643,-2.0976176963403033,0.03977234884624751,Yes,-100.0
estacion,0.0,0.0,0.0,4.0,0.11764705882352941,0.3270349700838643,-2.0976176963403033,0.03977234884624751,Yes,-100.0
20L,4.0,0.11764705882352941,0.3270349700838643,0.0,0.0,0.0,2.0976176963403033,0.03977234884624751,Yes,0.0
en5,0.0,0.0,0.0,4.0,0.11764705882352941,0.3270349700838643,-2.0976176963403033,0.03977234884624751,Yes,-100.0
de3,4.0,0.11764705882352941,0.3270349700838643,0.0,0.0,0.0,2.0976176963403033,0.03977234884624751,Yes,0.0
el3,4.0,0.11764705882352941,0.3270349700838643,0.0,0.0,0.0,2.0976176963403033,0.03977234884624751,Yes,0.0
ser2,0.0,0.0,0.0,4.0,0.11764705882352941,0.3270349700838643,-2.0976176963403033,0.03977234884624751,Yes,-100.0
de21,4.0,0.11764705882352941,0.3270349700838643,0.0,0.0,0.0,2.0976176963403033,0.03977234884624751,Yes,0.0
cuenta1,4.0,0.11764705882352941,0.3270349700838643,0.0,0.0,0.0,2.0976176963403033,0.03977234884624751,Yes,0.0
cumplir,4.0,0.11764705882352941,0.3270349700838643,0.0,0.0,0.0,2.0976176963403033,0.03977234884624751,Yes,0.0
tallo,0.0,0.0,0.0,4.0,0.11764705882352941,0.3270349700838643,-2.0976176963403033,0.03977234884624751,Yes,-100.0
cm,4.0,0.11764705882352941,0.3270349700838643,0.0,0.0,0.0,2.0976176963403033,0.03977234884624751,Yes,0.0
como1,4.0,0.11764705882352941,0.3270349700838643,0.0,0.0,0.0,2.0976176963403033,0.03977234884624751,Yes,0.0
una,4.0,0.11764705882352941,0.3270349700838643,0.0,0.0,0.0,2.0976176963403033,0.03977234884624751,Yes,0.0
un4,4.0,0.11764705882352941,0.3270349700838643,0.0,0.0,0.0,2.0976176963403033,0.03977234884624751,Yes,0.0
a2,0.0,0.0,0.0,4.0,0.11764705882352941,0.3270349700838643,-2.0976176963403033,0.03977234884624751,Yes,-100.0
usos,0.0,0.0,0.0,8.0,0.23529411764705882,0.6540699401677286,-2.097617696340303,0.03977234884624758,Yes,-100.0
correa,9.0,0.2647058823529412,0.7511132557708275,0.0,0.0,0.0,2.054932800644799,0.043847368355295846,Yes,0.0
máxima,7.0,0.20588235294117646,0.5918339122415548,0.0,0.0,0.0,2.028423973629254,0.046555637540541726,Yes,0.0
asiento,7.0,0.20588235294117646,0.5918339122415548,0.0,0.0,0.0,2.028423973629254,0.046555637540541726,Yes,0.0
en4,6.0,0.17647058823529413,0.5205235263972001,0.0,0.0,0.0,1.9768395829814076,0.05224020817530224,No,0.0
un,6.0,0.17647058823529413,0.5205235263972001,0.0,0.0,0.0,1.9768395829814076,0.05224020817530224,No,0.0
y,5.0,0.14705882352941177,0.4357058321763818,0.0,0.0,0.0,1.9680547341524117,0.053265239452780874,No,0.0
Cabina,5.0,0.14705882352941177,0.4357058321763818,0.0,0.0,0.0,1.9680547341524117,0.053265239452780874,No,0.0
erecto,0.0,0.0,0.0,5.0,0.14705882352941177,0.43570583217638176,-1.9680547341524117,0.053265239452780874,No,-100.0
planta1,0.0,0.0,0.0,5.0,0.14705882352941177,0.4357058321763818,-1.9680547341524117,0.053265239452780874,No,-100.0
de7,5.0,0.14705882352941177,0.4357058321763818,0.0,0.0,0.0,1.9680547341524117,0.053265239452780874,No,0.0
de4,5.0,0.14705882352941177,0.4357058321763818,0.0,0.0,0.0,1.9680547341524117,0.053265239452780874,No,0.0
de15,5.0,0.14705882352941177,0.4357058321763818,0.0,0.0,0.0,1.9680547341524117,0.053265239452780874,No,0.0
de2,5.0,0.14705882352941177,0.4357058321763818,0.0,0.0,0.0,1.9680547341524117,0.053265239452780874,No,0.0
para11,5.0,0.14705882352941177,0.4357058321763818,0.0,0.0,0.0,1.9680547341524117,0.053265239452780874,No,0.0
con2,5.0,0.14705882352941177,0.4357058321763818,0.0,0.0,0.0,1.9680547341524117,0.053265239452780874,No,0.0
XVI,0.0,0.0,0.0,5.0,0.14705882352941177,0.4357058321763818,-1.9680547341524117,0.053265239452780874,No,-100.0
lo,5.0,0.14705882352941177,0.4357058321763818,0.0,0.0,0.0,1.9680547341524113,0.053265239452780916,No,0.0
correas1,5.0,0.14705882352941177,0.4357058321763818,0.0,0.0,0.0,1.9680547341524113,0.053265239452780916,No,0.0
de12,5.0,0.14705882352941177,0.4357058321763818,0.0,0.0,0.0,1.9680547341524113,0.053265239452780916,No,0.0
está1,5.0,0.14705882352941177,0.4357058321763818,0.0,0.0,0.0,1.9680547341524113,0.053265239452780916,No,0.0
cabina1,9.0,0.2647058823529412,0.7904284810156533,0.0,0.0,0.0,1.9527222302254226,0.05509544184772251,No,0.0
para3,8.0,0.23529411764705882,0.7409585736349485,0.0,0.0,0.0,1.8516401995451026,0.0685514952228819,No,0.0
fría,0.0,0.0,0.0,3.0,0.08823529411764706,0.28790224128123654,-1.7870501915438122,0.07852122814685582,No,-100.0
para8,3.0,0.08823529411764706,0.28790224128123654,0.0,0.0,0.0,1.7870501915438122,0.07852122814685582,No,0.0
en1,0.0,0.0,0.0,3.0,0.08823529411764706,0.28790224128123654,-1.7870501915438122,0.07852122814685582,No,-100.0
de24,3.0,0.08823529411764706,0.28790224128123654,0.0,0.0,0.0,1.7870501915438122,0.07852122814685582,No,0.0
el4,3.0,0.08823529411764706,0.28790224128123654,0.0,0.0,0.0,1.7870501915438122,0.07852122814685582,No,0.0
que3,3.0,0.08823529411764706,0.28790224128123654,0.0,0.0,0.0,1.7870501915438122,0.07852122814685582,No,0.0
en2,3.0,0.08823529411764706,0.28790224128123654,0.0,0.0,0.0,1.7870501915438122,0.07852122814685582,No,0.0
Color:,3.0,0.08823529411764706,0.28790224128123654,0.0,0.0,0.0,1.7870501915438122,0.07852122814685582,No,0.0
tus1,3.0,0.08823529411764706,0.28790224128123654,0.0,0.0,0.0,1.7870501915438122,0.07852122814685582,No,0.0
cantidad,3.0,0.08823529411764706,0.28790224128123654,0.0,0.0,0.0,1.7870501915438122,0.07852122814685582,No,0.0
de1,3.0,0.08823529411764706,0.28790224128123654,0.0,0.0,0.0,1.7870501915438122,0.07852122814685582,No,0.0
sus,0.0,0.0,0.0,3.0,0.08823529411764706,0.28790224128123654,-1.7870501915438122,0.07852122814685582,No,-100.0
de18,3.0,0.08823529411764706,0.28790224128123654,0.0,0.0,0.0,1.7870501915438122,0.07852122814685582,No,0.0
de19,3.0,0.08823529411764706,0.28790224128123654,0.0,0.0,0.0,1.7870501915438122,0.07852122814685582,No,0.0
de20,3.0,0.08823529411764706,0.28790224128123654,0.0,0.0,0.0,1.7870501915438122,0.07852122814685582,No,0.0
de22,3.0,0.08823529411764706,0.28790224128123654,0.0,0.0,0.0,1.7870501915438122,0.07852122814685582,No,0.0
un3,3.0,0.08823529411764706,0.28790224128123654,0.0,0.0,0.0,1.787050191543812,0.07852122814685585,No,0.0
a,0.0,0.0,0.0,3.0,0.08823529411764706,0.28790224128123654,-1.787050191543812,0.07852122814685585,No,-100.0
un6,3.0,0.08823529411764706,0.28790224128123654,0.0,0.0,0.0,1.787050191543812,0.07852122814685585,No,0.0
Papa1,0.0,0.0,0.0,3.0,0.08823529411764706,0.28790224128123654,-1.787050191543812,0.07852122814685585,No,-100.0
con,3.0,0.08823529411764706,0.28790224128123654,0.0,0.0,0.0,1.787050191543812,0.07852122814685585,No,0.0
15,3.0,0.08823529411764706,0.28790224128123654,0.0,0.0,0.0,1.787050191543812,0.07852122814685585,No,0.0
cesta,3.0,0.08823529411764706,0.28790224128123654,0.0,0.0,0.0,1.787050191543812,0.07852122814685585,No,0.0
más,3.0,0.08823529411764706,0.28790224128123654,0.0,0.0,0.0,1.787050191543812,0.07852122814685585,No,0.0
que5,3.0,0.08823529411764706,0.28790224128123654,0.0,0.0,0.0,1.787050191543812,0.07852122814685585,No,0.0
estrés,6.0,0.17647058823529413,0.5758044825624731,0.0,0.0,0.0,1.787050191543812,0.07852122814685585,No,0.0
editar,0.0,0.0,0.0,3.0,0.08823529411764706,0.28790224128123654,-1.787050191543812,0.07852122814685585,No,-100.0
la7,3.0,0.08823529411764706,0.28790224128123654,0.0,0.0,0.0,1.787050191543812,0.07852122814685585,No,0.0
las3,3.0,0.08823529411764706,0.28790224128123654,0.0,0.0,0.0,1.787050191543812,0.07852122814685585,No,0.0
del2,3.0,0.08823529411764706,0.28790224128123654,0.0,0.0,0.0,1.787050191543812,0.07852122814685585,No,0.0
de27,3.0,0.08823529411764706,0.28790224128123654,0.0,0.0,0.0,1.787050191543812,0.07852122814685585,No,0.0
sea,3.0,0.08823529411764706,0.28790224128123654,0.0,0.0,0.0,1.787050191543812,0.07852122814685585,No,0.0
y8,3.0,0.08823529411764706,0.28790224128123654,0.0,0.0,0.0,1.787050191543812,0.07852122814685585,No,0.0
ya,3.0,0.08823529411764706,0.28790224128123654,0.0,0.0,0.0,1.787050191543812,0.07852122814685585,No,0.0
tus3,3.0,0.08823529411764706,0.28790224128123654,0.0,0.0,0.0,1.787050191543812,0.07852122814685585,No,0.0
Mochila1,6.0,0.17647058823529413,0.5758044825624732,0.0,0.0,0.0,1.787050191543812,0.07852122814685585,No,0.0
mayor2,5.0,0.14705882352941177,0.5004454343867811,0.0,0.0,0.0,1.7134593839651466,0.09132186368461694,No,0.0
para17,5.0,0.14705882352941177,0.5004454343867811,0.0,0.0,0.0,1.7134593839651466,0.09132186368461694,No,0.0
comprar,5.0,0.14705882352941177,0.5004454343867811,0.0,0.0,0.0,1.7134593839651469,0.09132186368461694,No,0.0
taxonomia,0.0,0.0,0.0,5.0,0.14705882352941177,0.5004454343867811,-1.7134593839651466,0.09132186368461694,No,-100.0
el2,0.0,0.0,0.0,4.0,0.11764705882352941,0.40933840799980475,-1.6758611631927847,0.09849695400131026,No,-100.0
tallos,0.0,0.0,0.0,4.0,0.11764705882352941,0.40933840799980475,-1.6758611631927842,0.0984969540013104,No,-100.0
en,4.0,0.11764705882352941,0.40933840799980475,0.0,0.0,0.0,1.6758611631927842,0.0984969540013104,No,0.0
que4,4.0,0.11764705882352941,0.40933840799980475,0.0,0.0,0.0,1.6758611631927842,0.0984969540013104,No,0.0
la3,4.0,0.11764705882352941,0.40933840799980475,0.0,0.0,0.0,1.6758611631927842,0.0984969540013104,No,0.0
de9,4.0,0.11764705882352941,0.40933840799980475,0.0,0.0,0.0,1.6758611631927842,0.0984969540013104,No,0.0
40x20x25,6.0,0.17647058823529413,0.6262242910851494,0.0,0.0,0.0,1.6431676725154987,0.10510437492644525,No,0.0
1,1715.0,50.44117647058823,57.524798961349454,2699.0,79.38235294117646,97.95268329143859,-1.4855809181515294,0.14215119565817957,No,-36.45794738792145
en3,0.0,0.0,0.0,2.0,0.058823529411764705,0.23883257361061283,-1.4361406616345072,0.1556854253147267,No,-100.0
de6,6.0,0.17647058823529413,0.7164977208318386,0.0,0.0,0.0,1.4361406616345072,0.1556854253147267,No,0.0
del5,0.0,0.0,0.0,2.0,0.058823529411764705,0.23883257361061283,-1.4361406616345072,0.1556854253147267,No,-100.0
raton,2.0,0.058823529411764705,0.23883257361061286,0.0,0.0,0.0,1.436140661634507,0.15568542531472682,No,0.0
esta,2.0,0.058823529411764705,0.23883257361061289,0.0,0.0,0.0,1.436140661634507,0.15568542531472682,No,0.0
de25,2.0,0.058823529411764705,0.23883257361061289,0.0,0.0,0.0,1.436140661634507,0.15568542531472682,No,0.0
de5,2.0,0.058823529411764705,0.23883257361061286,0.0,0.0,0.0,1.436140661634507,0.15568542531472682,No,0.0
de8,2.0,0.058823529411764705,0.23883257361061286,0.0,0.0,0.0,1.436140661634507,0.15568542531472682,No,0.0
medir,0.0,0.0,0.0,2.0,0.058823529411764705,0.23883257361061286,-1.436140661634507,0.15568542531472682,No,-100.0
para1,2.0,0.058823529411764705,0.23883257361061289,0.0,0.0,0.0,1.436140661634507,0.15568542531472682,No,0.0
stock,2.0,0.058823529411764705,0.23883257361061286,0.0,0.0,0.0,1.436140661634507,0.15568542531472682,No,0.0
los4,2.0,0.058823529411764705,0.23883257361061286,0.0,0.0,0.0,1.436140661634507,0.15568542531472682,No,0.0
para4,2.0,0.058823529411764705,0.23883257361061289,0.0,0.0,0.0,1.436140661634507,0.15568542531472682,No,0.0
y11,2.0,0.058823529411764705,0.23883257361061289,0.0,0.0,0.0,1.436140661634507,0.15568542531472682,No,0.0
hasta2,0.0,0.0,0.0,2.0,0.058823529411764705,0.23883257361061289,-1.436140661634507,0.15568542531472682,No,-100.0
las1,2.0,0.058823529411764705,0.23883257361061286,0.0,0.0,0.0,1.436140661634507,0.15568542531472682,No,0.0
y7,2.0,0.058823529411764705,0.23883257361061289,0.0,0.0,0.0,1.436140661634507,0.15568542531472682,No,0.0
En4,0.0,0.0,0.0,2.0,0.058823529411764705,0.23883257361061286,-1.436140661634507,0.15568542531472682,No,-100.0
y6,2.0,0.058823529411764705,0.23883257361061286,0.0,0.0,0.0,1.436140661634507,0.15568542531472682,No,0.0
un1,2.0,0.058823529411764705,0.23883257361061286,0.0,0.0,0.0,1.436140661634507,0.15568542531472682,No,0.0
un2,2.0,0.058823529411764705,0.23883257361061289,0.0,0.0,0.0,1.436140661634507,0.15568542531472682,No,0.0
un8,2.0,0.058823529411764705,0.23883257361061286,0.0,0.0,0.0,1.436140661634507,0.15568542531472682,No,0.0
a1,0.0,0.0,0.0,2.0,0.058823529411764705,0.23883257361061286,-1.436140661634507,0.15568542531472682,No,-100.0
a3,0.0,0.0,0.0,2.0,0.058823529411764705,0.23883257361061289,-1.436140661634507,0.15568542531472682,No,-100.0
con9,2.0,0.058823529411764705,0.23883257361061289,0.0,0.0,0.0,1.436140661634507,0.15568542531472682,No,0.0
superindice4,0.0,0.0,0.0,2.0,0.058823529411764705,0.23883257361061286,-1.436140661634507,0.15568542531472682,No,-100.0
con1,2.0,0.058823529411764705,0.23883257361061289,0.0,0.0,0.0,1.436140661634507,0.15568542531472682,No,0.0
asa,2.0,0.058823529411764705,0.23883257361061289,0.0,0.0,0.0,1.436140661634507,0.15568542531472682,No,0.0
alta,2.0,0.058823529411764705,0.23883257361061289,0.0,0.0,0.0,1.436140661634507,0.15568542531472682,No,0.0
de11,2.0,0.058823529411764705,0.23883257361061289,0.0,0.0,0.0,1.436140661634507,0.15568542531472682,No,0.0
superindice7,0.0,0.0,0.0,2.0,0.058823529411764705,0.23883257361061289,-1.436140661634507,0.15568542531472682,No,-100.0
de10,2.0,0.058823529411764705,0.23883257361061289,0.0,0.0,0.0,1.436140661634507,0.15568542531472682,No,0.0
a4,0.0,0.0,0.0,2.0,0.058823529411764705,0.23883257361061286,-1.436140661634507,0.15568542531472682,No,-100.0
como2,2.0,0.058823529411764705,0.23883257361061289,0.0,0.0,0.0,1.436140661634507,0.15568542531472682,No,0.0
con8,2.0,0.058823529411764705,0.23883257361061286,0.0,0.0,0.0,1.436140661634507,0.15568542531472682,No,0.0
la10,2.0,0.058823529411764705,0.23883257361061286,0.0,0.0,0.0,1.436140661634507,0.15568542531472682,No,0.0
lista_deseos,3.0,0.08823529411764706,0.3788057036804224,0.0,0.0,0.0,1.358204880308715,0.17902351936248137,No,0.0
viaje3,3.0,0.08823529411764706,0.3788057036804224,0.0,0.0,0.0,1.358204880308715,0.17902351936248137,No,0.0
está,3.0,0.08823529411764706,0.37880570368042243,0.0,0.0,0.0,1.3582048803087146,0.1790235193624816,No,0.0
mil,0.0,0.0,0.0,3.0,0.08823529411764706,0.37880570368042243,-1.3582048803087146,0.1790235193624816,No,-100.0
Avion,1.0,0.029411764705882353,0.17149858514250882,0.0,0.0,0.0,1.0000000000000002,0.32096280883217904,No,0.0
y2,1.0,0.029411764705882353,0.17149858514250882,0.0,0.0,0.0,1.0000000000000002,0.32096280883217904,No,0.0
y10,1.0,0.029411764705882353,0.17149858514250882,0.0,0.0,0.0,1.0000000000000002,0.32096280883217904,No,0.0
ser,0.0,0.0,0.0,1.0,0.029411764705882353,0.17149858514250882,-1.0000000000000002,0.32096280883217904,No,-100.0
puede,0.0,0.0,0.0,1.0,0.029411764705882353,0.17149858514250882,-1.0000000000000002,0.32096280883217904,No,-100.0
en6,0.0,0.0,0.0,1.0,0.029411764705882353,0.17149858514250882,-1.0000000000000002,0.32096280883217904,No,-100.0
del4,0.0,0.0,0.0,3.0,0.08823529411764706,0.5144957554275265,-1.0000000000000002,0.32096280883217904,No,-100.0
de28,1.0,0.029411764705882353,0.17149858514250882,0.0,0.0,0.0,1.0000000000000002,0.32096280883217904,No,0.0
superindice23,0.0,0.0,0.0,1.0,0.029411764705882353,0.17149858514250882,-1.0000000000000002,0.32096280883217904,No,-100.0
la8,1.0,0.029411764705882353,0.17149858514250882,0.0,0.0,0.0,1.0000000000000002,0.32096280883217904,No,0.0
hojas,0.0,0.0,0.0,1.0,0.029411764705882353,0.17149858514250882,-1.0000000000000002,0.32096280883217904,No,-100.0
de17,2.0,0.058823529411764705,0.34299717028501764,0.0,0.0,0.0,1.0000000000000002,0.32096280883217904,No,0.0
sus2,0.0,0.0,0.0,1.0,0.029411764705882353,0.17149858514250882,-1.0000000000000002,0.32096280883217904,No,-100.0
de¡4,0.0,0.0,0.0,1.0,0.029411764705882353,0.17149858514250882,-1.0,0.3209628088321793,No,-100.0
imagen,1.0,0.029411764705882353,0.17149858514250882,0.0,0.0,0.0,1.0,0.3209628088321793,No,0.0
la,1.0,0.029411764705882353,0.17149858514250882,0.0,0.0,0.0,1.0,0.3209628088321793,No,0.0
y4,1.0,0.029411764705882353,0.17149858514250882,0.0,0.0,0.0,1.0,0.3209628088321793,No,0.0
en7,0.0,0.0,0.0,1.0,0.029411764705882353,0.17149858514250882,-1.0,0.3209628088321793,No,-100.0
por,1.0,0.029411764705882353,0.17149858514250882,0.0,0.0,0.0,1.0,0.3209628088321793,No,0.0
y5,1.0,0.029411764705882353,0.17149858514250882,0.0,0.0,0.0,1.0,0.3209628088321793,No,0.0
o2,0.0,0.0,0.0,1.0,0.029411764705882353,0.17149858514250882,-1.0,0.3209628088321793,No,-100.0
lo2,1.0,0.029411764705882353,0.17149858514250882,0.0,0.0,0.0,1.0,0.3209628088321793,No,0.0
de1312,0.0,0.0,0.0,1.0,0.029411764705882353,0.17149858514250882,-1.0,0.3209628088321793,No,-100.0
de14,1.0,0.029411764705882353,0.17149858514250882,0.0,0.0,0.0,1.0,0.3209628088321793,No,0.0
altura,0.0,0.0,0.0,1.0,0.029411764705882353,0.17149858514250882,-1.0,0.3209628088321793,No,-100.0
ampliarla,1.0,0.029411764705882353,0.17149858514250882,0.0,0.0,0.0,1.0,0.3209628088321793,No,0.0
de16,1.0,0.029411764705882353,0.17149858514250882,0.0,0.0,0.0,1.0,0.3209628088321793,No,0.0
Idiomas,0.0,0.0,0.0,1.0,0.029411764705882353,0.17149858514250882,-1.0,0.3209628088321793,No,-100.0
Viaje,1.0,0.029411764705882353,0.17149858514250882,0.0,0.0,0.0,1.0,0.3209628088321793,No,0.0
Su,0.0,0.0,0.0,1.0,0.029411764705882353,0.17149858514250882,-1.0,0.3209628088321793,No,-100.0
Reino,0.0,0.0,0.0,1.0,0.029411764705882353,0.17149858514250882,-1.0,0.3209628088321793,No,-100.0
Pasa,1.0,0.029411764705882353,0.17149858514250882,0.0,0.0,0.0,1.0,0.3209628088321793,No,0.0
Negro,1.0,0.029411764705882353,0.17149858514250882,0.0,0.0,0.0,1.0,0.3209628088321793,No,0.0
